–ö–∞—Ç–µ–≥–æ—Ä–∏—è,–ü–æ–¥–∫–∞—Ç–µ–≥–æ—Ä–∏—è,–ù–∞–∑–≤–∞–Ω–∏–µ,–¶–µ–Ω–∞,–î–ª–∏—Ç–µ–ª—å–Ω–æ—Å—Ç—å,–û–ø–∏—Å–∞–Ω–∏–µ
ü´∂üèª –ö–æ–º–ø–ª–µ–∫—Å,,Set 1,3200,180,"–ú–∞–Ω–∏–∫—é—Ä + —É–∫—Ä–µ–ø–ª–µ–Ω–∏–µ + –ø–æ–∫—Ä—ã—Ç–∏–µ/–ª–µ–≥–∫–∏–π –¥–∏–∑–∞–π–Ω, –≥–∏–≥–∏–µ–Ω–∏—á–µ—Å–∫–∏–π –ø–µ–¥–∏–∫—é—Ä –±–µ–∑ –ø–æ–∫—Ä—ã—Ç–∏—è, –ø–∞—Ä–∞—Ñ–∏–Ω"
ü´∂üèª –ö–æ–º–ø–ª–µ–∫—Å,,Set 2,3500,210,"–ú–∞–Ω–∏–∫—é—Ä —Å –ø–æ–∫—Ä—ã—Ç–∏–µ–º/–ª–µ–≥–∫–∏–π –¥–∏–∑–∞–π–Ω, –ø–æ–ª–Ω—ã–π –ø–µ–¥–∏–∫—é—Ä —Å –ø–æ–∫—Ä—ã—Ç–∏–µ–º, –ø–∞—Ä–∞—Ñ–∏–Ω"
üíÖ –ú–∞–Ω–∏–∫—é—Ä,–ö–æ—Ä–æ—Ç–∫–∏–µ,–û–¥–Ω–æ—Ç–æ–Ω,1600,90,"–°–Ω—è—Ç–∏–µ —á—É–∂–æ–≥–æ –ø–æ–∫—Ä—ã—Ç–∏—è, —Ä–µ–º–æ–Ω—Ç 1-2 –Ω–æ–≥—Ç–µ–π"
üíÖ –ú–∞–Ω–∏–∫—é—Ä,–ö–æ—Ä–æ—Ç–∫–∏–µ,–õ—é–±–æ–π –¥–∏–∑–∞–π–Ω,1800,90,"–°–Ω—è—Ç–∏–µ —á—É–∂–æ–≥–æ –ø–æ–∫—Ä—ã—Ç–∏—è, —Ä–µ–º–æ–Ω—Ç 1-2 –Ω–æ–≥—Ç–µ–π, –≤—ã—Ä–∞–≤–Ω–∏–≤–∞–Ω–∏–µ/—É–∫—Ä–µ–ø–ª–µ–Ω–∏–µ, –ª—é–±–æ–π –¥–∏–∑–∞–π–Ω"
üíÖ –ú–∞–Ω–∏–∫—é—Ä,–°—Ä–µ–¥–Ω–∏–µ,–û–¥–Ω–æ—Ç–æ–Ω,1800,90,"–°–Ω—è—Ç–∏–µ —á—É–∂–æ–≥–æ –ø–æ–∫—Ä—ã—Ç–∏—è, —É–∫—Ä–µ–ø–ª–µ–Ω–∏–µ, —Ä–µ–º–æ–Ω—Ç 1-2 –Ω–æ–≥—Ç–µ–π, –≤–æ—Å—Å—Ç–∞–Ω–æ–≤–ª–µ–Ω–∏–µ –∞—Ä—Ö–∏—Ç–µ–∫—Ç—É—Ä—ã"
üíÖ –ú–∞–Ω–∏–∫—é—Ä,–°—Ä–µ–¥–Ω–∏–µ,–õ—é–±–æ–π –¥–∏–∑–∞–π–Ω,2000,120,"–°–Ω—è—Ç–∏–µ —á—É–∂–æ–≥–æ –ø–æ–∫—Ä—ã—Ç–∏—è, —É–∫—Ä–µ–ø–ª–µ–Ω–∏–µ, —Ä–µ–º–æ–Ω—Ç 1-2 –Ω–æ–≥—Ç–µ–π, –≤–æ—Å—Å—Ç–∞–Ω–æ–≤–ª–µ–Ω–∏–µ –∞—Ä—Ö–∏—Ç–µ–∫—Ç—É—Ä—ã"
üíÖ –ú–∞–Ω–∏–∫—é—Ä,–î–ª–∏–Ω–Ω—ã–µ,–û–¥–Ω–æ—Ç–æ–Ω,2100,100,"–°–Ω—è—Ç–∏–µ —á—É–∂–æ–≥–æ –ø–æ–∫—Ä—ã—Ç–∏—è, —É–∫—Ä–µ–ø–ª–µ–Ω–∏–µ, —Ä–µ–º–æ–Ω—Ç 1-2 –Ω–æ–≥—Ç–µ–π, –≤–æ—Å—Å—Ç–∞–Ω–æ–≤–ª–µ–Ω–∏–µ –∞—Ä—Ö–∏—Ç–µ–∫—Ç—É—Ä—ã"
üíÖ –ú–∞–Ω–∏–∫—é—Ä,–î–ª–∏–Ω–Ω—ã–µ,–õ—é–±–æ–π –¥–∏–∑–∞–π–Ω,2400,120,"–°–Ω—è—Ç–∏–µ —á—É–∂–æ–≥–æ –ø–æ–∫—Ä—ã—Ç–∏—è, —É–∫—Ä–µ–ø–ª–µ–Ω–∏–µ, —Ä–µ–º–æ–Ω—Ç 1-2 –Ω–æ–≥—Ç–µ–π, –≤–æ—Å—Å—Ç–∞–Ω–æ–≤–ª–µ–Ω–∏–µ –∞—Ä—Ö–∏—Ç–µ–∫—Ç—É—Ä—ã"
üêæ –ü–µ–¥–∏–∫—é—Ä,,–ü–∞–ª—å—Ü—ã + —Å—Ç–æ–ø—ã,1700,70,"–ì–∏–≥–∏–µ–Ω–∏—á–µ—Å–∫–∞—è –æ–±—Ä–∞–±–æ—Ç–∫–∞ –ø–∞–ª—å—Ü–µ–≤ –∏ —Å—Ç–æ–ø, –ø–∞—Ä–∞—Ñ–∏–Ω"
üêæ –ü–µ–¥–∏–∫—é—Ä,,–ü–∞–ª—å—Ü—ã + –ø–æ–∫—Ä—ã—Ç–∏–µ,1700,60,"–ì–∏–≥–∏–µ–Ω–∏—á–µ—Å–∫–∞—è –æ–±—Ä–∞–±–æ—Ç–∫–∞ –ø–∞–ª—å—á–∏–∫–æ–≤, –ø–æ–∫—Ä—ã—Ç–∏–µ/–¥–∏–∑–∞–π–Ω"
üêæ –ü–µ–¥–∏–∫—é—Ä,,–ü–æ–ª–Ω—ã–π —Å –ø–æ–∫—Ä—ã—Ç–∏–µ–º,2000,120,"–û–±—Ä–∞–±–æ—Ç–∫–∞ —Å—Ç–æ–ø –∏ –ø–∞–ª—å—á–∏–∫–æ–≤, –ø–∞—Ä–∞—Ñ–∏–Ω, –ø–æ–∫—Ä—ã—Ç–∏–µ/–¥–∏–∑–∞–π–Ω"
üíå –î—Ä—É–≥–æ–µ,,–ì–∏–≥–∏–µ–Ω–∏—á–µ—Å–∫–∏–π –º–∞–Ω–∏–∫—é—Ä,1000,60,"–°–Ω—è—Ç–∏–µ —á—É–∂–æ–≥–æ –ø–æ–∫—Ä—ã—Ç–∏—è, –æ–ø–∏–ª, –º–∞–Ω–∏–∫—é—Ä, –ø–∞—Ä–∞—Ñ–∏–Ω–æ—Ç–µ—Ä–∞–ø–∏—è"
üíå –î—Ä—É–≥–æ–µ,,–ö–æ—Ä—Ä–µ–∫—Ü–∏—è –Ω–∞—Ä–∞—â–∏–≤–∞–Ω–∏—è,2400,150,"–°–Ω—è—Ç–∏–µ —á—É–∂–æ–≥–æ –ø–æ–∫—Ä—ã—Ç–∏—è, —É–∫—Ä–µ–ø–ª–µ–Ω–∏–µ, —Ä–µ–º–æ–Ω—Ç 1-2 –Ω–æ–≥—Ç–µ–π, –≤–æ—Å—Å—Ç–∞–Ω–æ–≤–ª–µ–Ω–∏–µ –∞—Ä—Ö–∏—Ç–µ–∫—Ç—É—Ä—ã, –ª—é–±–æ–π –¥–∏–∑–∞–π–Ω, –ø–∞—Ä–∞—Ñ–∏–Ω–æ—Ç–µ—Ä–∞–ø–∏—è"
üíå –î—Ä—É–≥–æ–µ,,–ü–ª–µ–Ω–∫–∏,200,30,–î–æ–ø–ª–∞—Ç–∞ –∑–∞ –ª—é–±–æ–µ –∫–æ–ª–∏—á–µ—Å—Ç–≤–æ
üíå –î—Ä—É–≥–æ–µ,,–°–Ω—è—Ç–∏–µ –±–µ–∑ –ø–æ–∫—Ä—ã—Ç–∏—è,300,30,–°–Ω—è—Ç–∏–µ –±–µ–∑ –¥–∞–ª—å–Ω–µ–π—à–µ–≥–æ –ø–æ–∫—Ä—ã—Ç–∏—è
üíå –î—Ä—É–≥–æ–µ,,–£–∫—Ä–∞—à–µ–Ω–∏—è/—Ñ–∏–≥—É—Ä–∫–∏,50,30,–°—Ç–æ–∏–º–æ—Å—Ç—å –∑–∞ —à—Ç—É–∫—É
üíå –î—Ä—É–≥–æ–µ,,–†–µ–º–æ–Ω—Ç –æ—Ç 3 –Ω–æ–≥—Ç–µ–π,50,30,"–°—Ç–æ–∏–º–æ—Å—Ç—å –∑–∞ 1 –Ω–æ–≥–æ—Ç—å (—Ä–µ–º–æ–Ω—Ç 1-2 –Ω–æ–≥—Ç–µ–π –≤–∫–ª—é—á–µ–Ω –≤ —É—Å–ª—É–≥—É, —Ä–µ–º–æ–Ω—Ç —Ä–∞–±–æ—Ç—ã –Ω–æ—Å–∫–æ–π –¥–æ 7 –¥–Ω–µ–π - –±–µ—Å–ø–ª–∞—Ç–Ω–æ)"
‚õì –ú—É–∂—Å–∫–æ–π,,–ú–∞–Ω–∏–∫—é—Ä + –ø–æ–∫—Ä—ã—Ç–∏–µ,1600,90,"–°–Ω—è—Ç–∏–µ —á—É–∂–æ–≥–æ –ø–æ–∫—Ä—ã—Ç–∏—è, –º–∞–Ω–∏–∫—é—Ä, –æ–ø–∏–ª, –ª—é–±–æ–π –¥–∏–∑–∞–π–Ω/–ø–æ–∫—Ä—ã—Ç–∏–µ"
‚õì –ú—É–∂—Å–∫–æ–π,,–ì–∏–≥–∏–µ–Ω–∏—á–µ—Å–∫–∏–π –º–∞–Ω–∏–∫—é—Ä,1300,70,"–°–Ω—è—Ç–∏–µ —á—É–∂–æ–≥–æ –ø–æ–∫—Ä—ã—Ç–∏—è, –æ–ø–∏–ª, –≥–∏–≥–∏–µ–Ω–∏—á–µ—Å–∫–∏–π –º–∞–Ω–∏–∫—é—Ä"
